Workbook

Sheet CORE CUSTOMER NEEDS ANALYSIS
C1: CORE CUSTOMER PAINS, NEEDS, GAINS ANALYSIS | K1: Z
C4: Interviewer (team member) name | D4: Interviewee name | E4: Profile (Target Segment Fit) | F4: Key Challenges (Pains) | G4: Motivations/Goals (Needs) | H4: Desired outcomes from a specific product/service (Gains) | I4: Actions Taken (Past Behaviors) | J4: Unexpected Insights | K4: Direct Quotes
E5: should be a "YES" :) | F5: PAIN 1 | G5: NEED 1 | H5: GAIN 1 | I5: specific behaviors and situations that this interviewee shared during the interviw | J5: (if any)
F6: PAIN 2 | G6: NEED 2 | H6: GAIN 2
F7: PAIN 3 | G7: NEED 3 | H7: GAIN 3
F8: PAIN 4 | G8: NEED 4 | H8: GAIN 4
F9: PAIN 5 | G9: NEED 5 | H9: GAIN 5
F10: PAIN 6 | G10: NEED 6 | H10: GAIN 6
F11: PAIN 7 | G11: NEED 7 | H11: GAIN 7
F12: PAIN 8 | G12: NEED 8 | H12: GAIN 8
F13: PAIN 9 | G13: NEED 9 | H13: GAIN 9
F14: PAIN 10 | G14: NEED 10 | H14: GAIN 10
F15: PAIN 11 | G15: NEED 11 | H15: GAIN 11
F16: PAIN 12 | G16: NEED 12 | H16: GAIN 12
F17: PAIN 13 | G17: NEED 13 | H17: GAIN 13
... F24: PAIN 20 | G24: NEED 20 | H24: GAIN 20

Sheet PAINS - PRIORITIZATION MATRIX
C1: CUSTOMER PAINS PRIORITIZATION MATRIX
C4: CUSTOMER PAINS | D4: [01] | E4: Severity (1-5) | F4: [02] | G4: Frequency (1-5) | H4: [03] | I4: Impact (1-5) | J4: RANKING
C5: ='CORE CUSTOMER NEEDS ANALYSIS'!F5 -> PAIN 1 | D5: → | E5: 1 | F5: → | G5: 1 | H5: → | I5: 1 | J5: =E5*2+G5+I5*3 -> 6
C6: ='CORE CUSTOMER NEEDS ANALYSIS'!F6 -> PAIN 2 | D6: → | E6: 3 | F6: → | G6: 4 | H6: → | I6: 4 | J6: =E6*2+G6+I6*3 -> 22
C7: ='CORE CUSTOMER NEEDS ANALYSIS'!F7 -> PAIN 3 | D7: → | F7: → | H7: → | J7: =E7*2+G7+I7*3 -> 0
C8: ='CORE CUSTOMER NEEDS ANALYSIS'!F8 -> PAIN 4 | D8: → | F8: → | H8: → | J8: =E8*2+G8+I8*3 -> 0
C9: ='CORE CUSTOMER NEEDS ANALYSIS'!F9 -> PAIN 5 | D9: → | F9: → | H9: → | J9: =E9*2+G9+I9*3 -> 0
C10: ='CORE CUSTOMER NEEDS ANALYSIS'!F10 -> PAIN 6 | D10: → | F10: → | H10: → | J10: =E10*2+G10+I10*3 -> 0
C11: ='CORE CUSTOMER NEEDS ANALYSIS'!F11 -> PAIN 7 | D11: → | F11: → | H11: → | J11: =E11*2+G11+I11*3 -> 0
C12: ='CORE CUSTOMER NEEDS ANALYSIS'!F12 -> PAIN 8 | D12: → | F12: → | H12: → | J12: =E12*2+G12+I12*3 -> 0
C13: ='CORE CUSTOMER NEEDS ANALYSIS'!F13 -> PAIN 9 | D13: → | F13: → | H13: → | J13: =E13*2+G13+I13*3 -> 0
C14: ='CORE CUSTOMER NEEDS ANALYSIS'!F14 -> PAIN 10 | D14: → | F14: → | H14: → | J14: =E14*2+G14+I14*3 -> 0
C15: ='CORE CUSTOMER NEEDS ANALYSIS'!F15 -> PAIN 11 | D15: → | F15: → | H15: → | J15: =E15*2+G15+I15*3 -> 0
C16: ='CORE CUSTOMER NEEDS ANALYSIS'!F16 -> PAIN 12 | D16: → | F16: → | H16: → | J16: =E16*2+G16+I16*3 -> 0
C17: ='CORE CUSTOMER NEEDS ANALYSIS'!F17 -> PAIN 13 | D17: → | F17: → | H17: → | J17: =E17*2+G17+I17*3 -> 0
C18: ='CORE CUSTOMER NEEDS ANALYSIS'!F18 -> PAIN 14 | D18: → | F18: → | H18: → | J18: =E18*2+G18+I18*3 -> 0
... C24: ='CORE CUSTOMER NEEDS ANALYSIS'!F24 -> PAIN 20 | D24: → | F24: → | H24: → | J24: =E24*2+G24+I24*3 -> 0

Sheet NEEDS - PRIORITIZATION MATRIX
C1: CUSTOMER NEEDS PRIORITIZATION MATRIX
C4: CUSTOMER NEEDS | D4: [01] | E4: Severity (1-5) | F4: [02] | G4: Frequency (1-5) | H4: [03] | I4: Impact (1-5) | J4: RANKING
C5: ='CORE CUSTOMER NEEDS ANALYSIS'!G5 -> NEED 1 | D5: → | E5: 1 | F5: → | G5: 1 | H5: → | I5: 1 | J5: =E5*2+G5+I5*3 -> 6
C6: ='CORE CUSTOMER NEEDS ANALYSIS'!G6 -> NEED 2 | D6: → | E6: 3 | F6: → | G6: 4 | H6: → | I6: 4 | J6: =E6*2+G6+I6*3 -> 22
C7: ='CORE CUSTOMER NEEDS ANALYSIS'!G7 -> NEED 3 | D7: → | F7: → | H7: → | J7: =E7*2+G7+I7*3 -> 0
C8: ='CORE CUSTOMER NEEDS ANALYSIS'!G8 -> NEED 4 | D8: → | F8: → | H8: → | J8: =E8*2+G8+I8*3 -> 0
C9: ='CORE CUSTOMER NEEDS ANALYSIS'!G9 -> NEED 5 | D9: → | F9: → | H9: → | J9: =E9*2+G9+I9*3 -> 0
C10: ='CORE CUSTOMER NEEDS ANALYSIS'!G10 -> NEED 6 | D10: → | F10: → | H10: → | J10: =E10*2+G10+I10*3 -> 0
C11: ='CORE CUSTOMER NEEDS ANALYSIS'!G11 -> NEED 7 | D11: → | F11: → | H11: → | J11: =E11*2+G11+I11*3 -> 0
C12: ='CORE CUSTOMER NEEDS ANALYSIS'!G12 -> NEED 8 | D12: → | F12: → | H12: → | J12: =E12*2+G12+I12*3 -> 0
C13: ='CORE CUSTOMER NEEDS ANALYSIS'!G13 -> NEED 9 | D13: → | F13: → | H13: → | J13: =E13*2+G13+I13*3 -> 0
C14: ='CORE CUSTOMER NEEDS ANALYSIS'!G14 -> NEED 10 | D14: → | F14: → | H14: → | J14: =E14*2+G14+I14*3 -> 0
C15: ='CORE CUSTOMER NEEDS ANALYSIS'!G15 -> NEED 11 | D15: → | F15: → | H15: → | J15: =E15*2+G15+I15*3 -> 0
C16: ='CORE CUSTOMER NEEDS ANALYSIS'!G16 -> NEED 12 | D16: → | F16: → | H16: → | J16: =E16*2+G16+I16*3 -> 0
C17: ='CORE CUSTOMER NEEDS ANALYSIS'!G17 -> NEED 13 | D17: → | F17: → | H17: → | J17: =E17*2+G17+I17*3 -> 0
C18: ='CORE CUSTOMER NEEDS ANALYSIS'!G18 -> NEED 14 | D18: → | F18: → | H18: → | J18: =E18*2+G18+I18*3 -> 0
... C24: ='CORE CUSTOMER NEEDS ANALYSIS'!G24 -> NEED 20 | D24: → | F24: → | H24: → | J24: =E24*2+G24+I24*3 -> 0

Sheet GAINS - PRIORITIZATION MATRIX
C1: CUSTOMER GAINS PRIORITIZATION MATRIX
C4: CUSTOMER GAINS | D4: [01] | E4: Severity (1-5) | F4: [02] | G4: Frequency (1-5) | H4: [03] | I4: Impact (1-5) | J4: RANKING
C5: ='CORE CUSTOMER NEEDS ANALYSIS'!G5 -> NEED 1 | D5: → | E5: 1 | F5: → | G5: 1 | H5: → | I5: 1 | J5: =E5*2+G5+I5*3 -> 6
C6: ='CORE CUSTOMER NEEDS ANALYSIS'!G6 -> NEED 2 | D6: → | E6: 3 | F6: → | G6: 4 | H6: → | I6: 4 | J6: =E6*2+G6+I6*3 -> 22
C7: ='CORE CUSTOMER NEEDS ANALYSIS'!G7 -> NEED 3 | D7: → | F7: → | H7: → | J7: =E7*2+G7+I7*3 -> 0
C8: ='CORE CUSTOMER NEEDS ANALYSIS'!G8 -> NEED 4 | D8: → | F8: → | H8: → | J8: =E8*2+G8+I8*3 -> 0
C9: ='CORE CUSTOMER NEEDS ANALYSIS'!G9 -> NEED 5 | D9: → | F9: → | H9: → | J9: =E9*2+G9+I9*3 -> 0
C10: ='CORE CUSTOMER NEEDS ANALYSIS'!G10 -> NEED 6 | D10: → | F10: → | H10: → | J10: =E10*2+G10+I10*3 -> 0
C11: ='CORE CUSTOMER NEEDS ANALYSIS'!G11 -> NEED 7 | D11: → | F11: → | H11: → | J11: =E11*2+G11+I11*3 -> 0
C12: ='CORE CUSTOMER NEEDS ANALYSIS'!G12 -> NEED 8 | D12: → | F12: → | H12: → | J12: =E12*2+G12+I12*3 -> 0
C13: ='CORE CUSTOMER NEEDS ANALYSIS'!G13 -> NEED 9 | D13: → | F13: → | H13: → | J13: =E13*2+G13+I13*3 -> 0
C14: ='CORE CUSTOMER NEEDS ANALYSIS'!G14 -> NEED 10 | D14: → | F14: → | H14: → | J14: =E14*2+G14+I14*3 -> 0
C15: ='CORE CUSTOMER NEEDS ANALYSIS'!G15 -> NEED 11 | D15: → | F15: → | H15: → | J15: =E15*2+G15+I15*3 -> 0
C16: ='CORE CUSTOMER NEEDS ANALYSIS'!G16 -> NEED 12 | D16: → | F16: → | H16: → | J16: =E16*2+G16+I16*3 -> 0
C17: ='CORE CUSTOMER NEEDS ANALYSIS'!G17 -> NEED 13 | D17: → | F17: → | H17: → | J17: =E17*2+G17+I17*3 -> 0
C18: ='CORE CUSTOMER NEEDS ANALYSIS'!G18 -> NEED 14 | D18: → | F18: → | H18: → | J18: =E18*2+G18+I18*3 -> 0
... C24: ='CORE CUSTOMER NEEDS ANALYSIS'!G24 -> NEED 20 | D24: → | F24: → | H24: → | J24: =E24*2+G24+I24*3 -> 0

Sheet NEEDS, PAINS, GAINS SUMMARY
C1: CORE CUSTOMER NEEDS, PAINS, GAINS SUMMARY
C4: [01] | D4: Core customer description
C5: →
C6: [02] | D6: Top 3 customer PAINS
C7: →
C8: →
C9: →
C10: [03] | D10: Top 3 customer NEEDS
C11: →
C12: →
C13: →
C14: [04] | D14: Top 3 customer GAINS
C15: →
C16: →
C17: →
